"host","tls13","tls12","protocol","ciphersuite","group","signature","pq_group"
"actions.githubusercontent.com","no","no","","","","",""
"actions.xebia-partner-dr.ghe.com","yes","yes","TLSv1.3","TLS_AES_128_GCM_SHA256","X25519","rsa_pss_rsae_sha256",""
"api.xebia-partner-dr.ghe.com","yes","yes","TLSv1.3","TLS_AES_128_GCM_SHA256","X25519","rsa_pss_rsae_sha256",""
"aumprodweu01.blob.core.windows.net","yes","yes","TLSv1.3","TLS_AES_256_GCM_SHA384","ECDH","rsa_pss_rsae_sha256",""
"broker.actions.xebia-partner-dr.ghe.com","yes","yes","TLSv1.3","TLS_AES_128_GCM_SHA256","X25519","rsa_pss_rsae_sha256",""
"codeload.xebia-partner-dr.ghe.com","yes","yes","TLSv1.3","TLS_AES_128_GCM_SHA256","X25519","rsa_pss_rsae_sha256",""
"containers.xebia-partner-dr.ghe.com","yes","yes","TLSv1.3","TLS_AES_128_GCM_SHA256","X25519","rsa_pss_rsae_sha256",""
"copilotweu01activity.blob.core.windows.net","yes","yes","TLSv1.3","TLS_AES_256_GCM_SHA384","ECDH","rsa_pss_rsae_sha256",""
"copilotweu01attachments.blob.core.windows.net","yes","yes","TLSv1.3","TLS_AES_256_GCM_SHA384","ECDH","rsa_pss_rsae_sha256",""
"core.windows.net","no","no","","","","",""
"dgpprodweu01.blob.core.windows.net","yes","yes","TLSv1.3","TLS_AES_256_GCM_SHA384","ECDH","rsa_pss_rsae_sha256",""
"eaprodweu.blob.core.windows.net","yes","yes","TLSv1.3","TLS_AES_256_GCM_SHA384","ECDH","rsa_pss_rsae_sha256",""
"fulcio.xebia-partner-dr.ghe.com","yes","yes","TLSv1.3","TLS_AES_128_GCM_SHA256","X25519","rsa_pss_rsae_sha256",""
"ghcsmrvaprodweu01.blob.core.windows.net","yes","yes","TLSv1.3","TLS_AES_256_GCM_SHA384","ECDH","rsa_pss_rsae_sha256",""
"github-raw.xebia-partner-dr.ghe.com","yes","yes","TLSv1.3","TLS_AES_128_GCM_SHA256","X25519","rsa_pss_rsae_sha256",""
"github.com","yes","yes","TLSv1.3","TLS_AES_128_GCM_SHA256","X25519","ecdsa_secp256r1_sha256",""
"githubapp.com","yes","yes","TLSv1.3","TLS_AES_128_GCM_SHA256","X25519","rsa_pss_rsae_sha256",""
"githubusercontent.com","no","no","","","","",""
"hosted-compute-request-orchestrator-prod-weu-01.githubapp.com","yes","yes","TLSv1.3","TLS_AES_128_GCM_SHA256","X25519","rsa_pss_rsae_sha256",""
"launch-receiver.actions.xebia-partner-dr.ghe.com","yes","yes","TLSv1.3","TLS_AES_128_GCM_SHA256","X25519","rsa_pss_rsae_sha256",""
"maven.xebia-partner-dr.ghe.com","yes","yes","TLSv1.3","TLS_AES_128_GCM_SHA256","X25519","rsa_pss_rsae_sha256",""
"mbprodweu01.blob.core.windows.net","yes","yes","TLSv1.3","TLS_AES_256_GCM_SHA384","ECDH","rsa_pss_rsae_sha256",""
"memoryalphaprodweu01.blob.core.windows.net","yes","yes","TLSv1.3","TLS_AES_256_GCM_SHA384","ECDH","rsa_pss_rsae_sha256",""
"migratorexportsprodweu01.blob.core.windows.net","yes","yes","TLSv1.3","TLS_AES_256_GCM_SHA384","ECDH","rsa_pss_rsae_sha256",""
"mpsghub.actions.githubusercontent.com","no","yes","TLSv1.2","ECDHE-RSA-AES256-GCM-SHA384","X25519","rsa_pss_rsae_sha256",""
"mvnabsprodweu0137d3.blob.core.windows.net","yes","yes","TLSv1.3","TLS_AES_256_GCM_SHA384","ECDH","rsa_pss_rsae_sha256",""
"mvnabsprodweu01c91d.blob.core.windows.net","yes","yes","TLSv1.3","TLS_AES_256_GCM_SHA384","ECDH","rsa_pss_rsae_sha256",""
"npm.xebia-partner-dr.ghe.com","yes","yes","TLSv1.3","TLS_AES_128_GCM_SHA256","X25519","rsa_pss_rsae_sha256",""
"nuget.xebia-partner-dr.ghe.com","yes","yes","TLSv1.3","TLS_AES_128_GCM_SHA256","X25519","rsa_pss_rsae_sha256",""
"objects-origin.xebia-partner-dr.ghe.com","yes","yes","TLSv1.3","TLS_AES_128_GCM_SHA256","X25519","rsa_pss_rsae_sha256",""
"pipelinesghubeus1.actions.githubusercontent.com","no","yes","TLSv1.2","ECDHE-RSA-AES256-GCM-SHA384","X25519","rsa_pss_rsae_sha256",""
"pipelinesghubeus10.actions.githubusercontent.com","no","yes","TLSv1.2","ECDHE-RSA-AES256-GCM-SHA384","X25519","rsa_pss_rsae_sha256",""
"pipelinesghubeus11.actions.githubusercontent.com","no","yes","TLSv1.2","ECDHE-RSA-AES256-GCM-SHA384","X25519","rsa_pss_rsae_sha256",""
"pipelinesghubeus12.actions.githubusercontent.com","no","yes","TLSv1.2","ECDHE-RSA-AES256-GCM-SHA384","X25519","rsa_pss_rsae_sha256",""
"pipelinesghubeus13.actions.githubusercontent.com","no","yes","TLSv1.2","ECDHE-RSA-AES256-GCM-SHA384","X25519","rsa_pss_rsae_sha256",""
"pipelinesghubeus14.actions.githubusercontent.com","no","yes","TLSv1.2","ECDHE-RSA-AES256-GCM-SHA384","X25519","rsa_pss_rsae_sha256",""
"pipelinesghubeus15.actions.githubusercontent.com","no","yes","TLSv1.2","ECDHE-RSA-AES256-GCM-SHA384","X25519","rsa_pss_rsae_sha256",""
"pipelinesghubeus2.actions.githubusercontent.com","no","yes","TLSv1.2","ECDHE-RSA-AES256-GCM-SHA384","X25519","rsa_pss_rsae_sha256",""
"pipelinesghubeus20.actions.githubusercontent.com","no","yes","TLSv1.2","ECDHE-RSA-AES256-GCM-SHA384","X25519","rsa_pss_rsae_sha256",""
"pipelinesghubeus21.actions.githubusercontent.com","no","yes","TLSv1.2","ECDHE-RSA-AES256-GCM-SHA384","X25519","rsa_pss_rsae_sha256",""
"pipelinesghubeus22.actions.githubusercontent.com","no","yes","TLSv1.2","ECDHE-RSA-AES256-GCM-SHA384","X25519","rsa_pss_rsae_sha256",""
"pipelinesghubeus23.actions.githubusercontent.com","no","yes","TLSv1.2","ECDHE-RSA-AES256-GCM-SHA384","X25519","rsa_pss_rsae_sha256",""
"pipelinesghubeus24.actions.githubusercontent.com","no","yes","TLSv1.2","ECDHE-RSA-AES256-GCM-SHA384","X25519","rsa_pss_rsae_sha256",""
"pipelinesghubeus25.actions.githubusercontent.com","no","yes","TLSv1.2","ECDHE-RSA-AES256-GCM-SHA384","X25519","rsa_pss_rsae_sha256",""
"pipelinesghubeus26.actions.githubusercontent.com","no","yes","TLSv1.2","ECDHE-RSA-AES256-GCM-SHA384","X25519","rsa_pss_rsae_sha256",""
"pipelinesghubeus3.actions.githubusercontent.com","no","yes","TLSv1.2","ECDHE-RSA-AES256-GCM-SHA384","X25519","rsa_pss_rsae_sha256",""
"pipelinesghubeus4.actions.githubusercontent.com","no","yes","TLSv1.2","ECDHE-RSA-AES256-GCM-SHA384","X25519","rsa_pss_rsae_sha256",""
"pipelinesghubeus5.actions.githubusercontent.com","no","yes","TLSv1.2","ECDHE-RSA-AES256-GCM-SHA384","X25519","rsa_pss_rsae_sha256",""
"pipelinesghubeus6.actions.githubusercontent.com","no","yes","TLSv1.2","ECDHE-RSA-AES256-GCM-SHA384","X25519","rsa_pss_rsae_sha256",""
"pipelinesghubeus7.actions.githubusercontent.com","no","yes","TLSv1.2","ECDHE-RSA-AES256-GCM-SHA384","X25519","rsa_pss_rsae_sha256",""
"pipelinesghubeus8.actions.githubusercontent.com","no","yes","TLSv1.2","ECDHE-RSA-AES256-GCM-SHA384","X25519","rsa_pss_rsae_sha256",""
"pipelinesghubeus9.actions.githubusercontent.com","no","yes","TLSv1.2","ECDHE-RSA-AES256-GCM-SHA384","X25519","rsa_pss_rsae_sha256",""
"pipelinesproxcnc1.actions.githubusercontent.com","no","yes","TLSv1.2","ECDHE-RSA-AES256-GCM-SHA384","X25519","rsa_pss_rsae_sha256",""
"pipelinesproxcus1.actions.githubusercontent.com","no","yes","TLSv1.2","ECDHE-RSA-AES256-GCM-SHA384","X25519","rsa_pss_rsae_sha256",""
"pipelinesproxeau1.actions.githubusercontent.com","no","yes","TLSv1.2","ECDHE-RSA-AES256-GCM-SHA384","X25519","rsa_pss_rsae_sha256",""
"pipelinesproxjpw1.actions.githubusercontent.com","no","yes","TLSv1.2","ECDHE-RSA-AES256-GCM-SHA384","X25519","rsa_pss_rsae_sha256",""
"pipelinesproxsdc1.actions.githubusercontent.com","no","yes","TLSv1.2","ECDHE-RSA-AES256-GCM-SHA384","X25519","rsa_pss_rsae_sha256",""
"pipelinesproxweu1.actions.githubusercontent.com","no","yes","TLSv1.2","ECDHE-RSA-AES256-GCM-SHA384","X25519","rsa_pss_rsae_sha256",""
"pipelinesproxwus31.actions.githubusercontent.com","no","yes","TLSv1.2","ECDHE-RSA-AES256-GCM-SHA384","X25519","rsa_pss_rsae_sha256",""
"pipelinesproxwus32.actions.githubusercontent.com","no","yes","TLSv1.2","ECDHE-RSA-AES256-GCM-SHA384","X25519","rsa_pss_rsae_sha256",""
"pkg.actions.xebia-partner-dr.ghe.com","yes","yes","TLSv1.3","TLS_AES_128_GCM_SHA256","X25519","rsa_pss_rsae_sha256",""
"prodweu01resultssa0.blob.core.windows.net","yes","yes","TLSv1.3","TLS_AES_256_GCM_SHA384","ECDH","rsa_pss_rsae_sha256",""
"prodweu01resultssa1.blob.core.windows.net","yes","yes","TLSv1.3","TLS_AES_256_GCM_SHA384","ECDH","rsa_pss_rsae_sha256",""
"prodweu01resultssa2.blob.core.windows.net","yes","yes","TLSv1.3","TLS_AES_256_GCM_SHA384","ECDH","rsa_pss_rsae_sha256",""
"prodweu01resultssa3.blob.core.windows.net","yes","yes","TLSv1.3","TLS_AES_256_GCM_SHA384","ECDH","rsa_pss_rsae_sha256",""
"proximawesteucontainer.blob.core.windows.net","yes","yes","TLSv1.3","TLS_AES_256_GCM_SHA384","ECDH","rsa_pss_rsae_sha256",""
"proximawesteunpm.blob.core.windows.net","yes","yes","TLSv1.3","TLS_AES_256_GCM_SHA384","ECDH","rsa_pss_rsae_sha256",""
"proximawesteunuget.blob.core.windows.net","yes","yes","TLSv1.3","TLS_AES_256_GCM_SHA384","ECDH","rsa_pss_rsae_sha256",""
"proximawesteurubygems.blob.core.windows.net","yes","yes","TLSv1.3","TLS_AES_256_GCM_SHA384","ECDH","rsa_pss_rsae_sha256",""
"pypi.xebia-partner-dr.ghe.com","yes","yes","TLSv1.3","TLS_AES_128_GCM_SHA256","X25519","rsa_pss_rsae_sha256",""
"release-assets.githubusercontent.com","yes","yes","TLSv1.3","TLS_AES_128_GCM_SHA256","X25519MLKEM768","rsa_pss_rsae_sha256","X25519MLKEM768"
"results-receiver.actions.xebia-partner-dr.ghe.com","yes","yes","TLSv1.3","TLS_AES_128_GCM_SHA256","X25519","rsa_pss_rsae_sha256",""
"rubygems.xebia-partner-dr.ghe.com","yes","yes","TLSv1.3","TLS_AES_128_GCM_SHA256","X25519","rsa_pss_rsae_sha256",""
"run-proxima-1-prod-weu-01-az1.actions.xebia-partner-dr.ghe.com","yes","yes","TLSv1.3","TLS_AES_128_GCM_SHA256","X25519","rsa_pss_rsae_sha256",""
"run-proxima-1-prod-weu-01-az2.actions.xebia-partner-dr.ghe.com","yes","yes","TLSv1.3","TLS_AES_128_GCM_SHA256","X25519","rsa_pss_rsae_sha256",""
"run-proxima-1-prod-weu-01-az3.actions.xebia-partner-dr.ghe.com","yes","yes","TLSv1.3","TLS_AES_128_GCM_SHA256","X25519","rsa_pss_rsae_sha256",""
"runnerghubeus1.actions.githubusercontent.com","no","yes","TLSv1.2","ECDHE-RSA-AES256-GCM-SHA384","X25519","rsa_pss_rsae_sha256",""
"runnerghubeus20.actions.githubusercontent.com","no","yes","TLSv1.2","ECDHE-RSA-AES256-GCM-SHA384","X25519","rsa_pss_rsae_sha256",""
"runnerghubeus21.actions.githubusercontent.com","no","yes","TLSv1.2","ECDHE-RSA-AES256-GCM-SHA384","X25519","rsa_pss_rsae_sha256",""
"runnerghubwus31.actions.githubusercontent.com","no","yes","TLSv1.2","ECDHE-RSA-AES256-GCM-SHA384","X25519","rsa_pss_rsae_sha256",""
"runnerproxcnc1.actions.githubusercontent.com","no","yes","TLSv1.2","ECDHE-RSA-AES256-GCM-SHA384","X25519","rsa_pss_rsae_sha256",""
"runnerproxcus1.actions.githubusercontent.com","no","yes","TLSv1.2","ECDHE-RSA-AES256-GCM-SHA384","X25519","rsa_pss_rsae_sha256",""
"runnerproxeau1.actions.githubusercontent.com","no","yes","TLSv1.2","ECDHE-RSA-AES256-GCM-SHA384","X25519","rsa_pss_rsae_sha256",""
"runnerproxjpw1.actions.githubusercontent.com","no","yes","TLSv1.2","ECDHE-RSA-AES256-GCM-SHA384","X25519","rsa_pss_rsae_sha256",""
"runnerproxsdc1.actions.githubusercontent.com","no","yes","TLSv1.2","ECDHE-RSA-AES256-GCM-SHA384","X25519","rsa_pss_rsae_sha256",""
"runnerproxweu1.actions.githubusercontent.com","no","yes","TLSv1.2","ECDHE-RSA-AES256-GCM-SHA384","X25519","rsa_pss_rsae_sha256",""
"securitycenterexportweu.blob.core.windows.net","yes","yes","TLSv1.3","TLS_AES_256_GCM_SHA384","ECDH","rsa_pss_rsae_sha256",""
"setup-tools.actions.githubusercontent.com","yes","yes","TLSv1.3","TLS_AES_256_GCM_SHA384","ECDH","rsa_pss_rsae_sha256",""
"swift.xebia-partner-dr.ghe.com","yes","yes","TLSv1.3","TLS_AES_128_GCM_SHA256","X25519","rsa_pss_rsae_sha256",""
"timestamp.xebia-partner-dr.ghe.com","yes","yes","TLSv1.3","TLS_AES_128_GCM_SHA256","X25519","rsa_pss_rsae_sha256",""
"tmaprodweu01.blob.core.windows.net","yes","yes","TLSv1.3","TLS_AES_256_GCM_SHA384","ECDH","rsa_pss_rsae_sha256",""
"tokenghub.actions.githubusercontent.com","no","yes","TLSv1.2","ECDHE-RSA-AES256-GCM-SHA384","X25519","rsa_pss_rsae_sha256",""
"tuf-repo.github.com","yes","yes","TLSv1.3","TLS_AES_128_GCM_SHA256","X25519MLKEM768","rsa_pss_rsae_sha256","X25519MLKEM768"
"xebia-partner-dr.ghe.com","yes","yes","TLSv1.3","TLS_AES_128_GCM_SHA256","X25519","rsa_pss_rsae_sha256",""
